{
  "description": {
    "title": "",
    "text": ""
  },
  "links_1": {
    "list_pages": true,
    "title": "Páginas",
    "list": []
  },
  "links_2": {
    "list_categories": true,
    "title": "Categorias",
    "list": []
  },
  "contacts": {
    "title": "Contatos",
    "phone_wpp": true,
    "socials": true,
    "email": true,
    "address": true
  },
  "stamps": [
    {
      "src": "/img/uploads/21082020224934-copy.png",
      "alt": "Secure connection"
    },
    {
      "src": "/img/uploads/seloablec",
      "link": "https://www.ablec.com.br",
      "alt": "Associado ABLEC"
    }
  ],
  "payment_methods": {
    "bb": false,
    "visa": true,
    "boleto": true,
    "aura": false,
    "banrisul": false,
    "elo": true,
    "hipercard": true,
    "hsbc": false,
    "bradesco": false,
    "santander": false,
    "mastercard": true,
    "citibank": false,
    "hiper": true,
    "mais": false,
    "itau": false
  },
  "credits": "O nome fantasia SCS MEDICAMENTOS e o domínio scsmedicamentos.com.br são marcas registradas por: AAZ FARMACEUTICA LTDA R. Visconde de Inháuma, 1.112 - Nova Gerty - CEP: 09571-380 - São Caetano do Sul - SP | NIRE 3.523.159.473-8 | Autorização MS: 7.69077-6  A SCS Medicamentos segue as determinações da Anvisa - Somente o médico está apto a diagnosticar qualquer problema de saúde e prescrever o tratamento adequado. Os preços, as promoções, o frete e as condições de pagamento divulgados no site são válidos apenas para compras feitas pela internet. Em caso de divergências de preços no site, o valor válido é o do carrinho de compras."
}