{
  "meta_title": "Gerty Farma - Farmácia online 24 horas",
  "meta_description": "Gerty Farma sua Farmácia Online 24 horas. Medicamentos, remédios genéricos, dermocosméticos, itens de cuidado diário, produtos para crianças e muito mais.",
  "sections": [
    {
      "type": "banner-slider",
      "autoplay": 9000,
      "slides": [
        {
          "start": "2020-10-14T19:43:52.141Z",
          "end": "2025-10-14T19:00:00.000Z",
          "img": "/img/uploads/01-10_sanofi_pharmaton_outubrorosa-gallery-img-2020-10-01-16-32-25.jpg",
          "mobile_img": "/img/uploads/01-10_sanofi_pharmaton_outubrorosa-gallery-img-2020-10-01-16-32-25.jpg"
        },
        {
          "start": "2020-10-14T19:44:19.797Z",
          "end": "2025-10-14T19:00:00.000Z",
          "img": "/img/uploads/10-08_loreal_laroche-gallery-img-2020-10-08-17-11-42.jpg",
          "mobile_img": "/img/uploads/10-08_loreal_laroche-gallery-img-2020-10-08-17-11-42.jpg"
        }
      ]
    },
    {
      "type": "info-bar",
      "enabled": true
    },
    {
      "type": "offers-timer",
      "max_hours": 24,
      "start": "2020-10-14T19:03:33.811Z",
      "end": "2020-10-14T19:03:33.851Z"
    },
    {
      "type": "collection-shelf",
      "shuffle": true,
      "collection_id": null
    },
    {
      "type": "banners-grid",
      "banners": [
        {
          "img": "/img/uploads/01-10_rb_dermodex-gallery-img-2020-10-01-19-03-46.jpg",
          "mobile_img": "/img/uploads/01-10_rb_dermodex-gallery-img-2020-10-01-19-03-46.jpg"
        },
        {
          "img": "/img/uploads/banner-destaque-theraskin-gallery-img-2020-08-03-15-32-05.jpg",
          "mobile_img": "/img/uploads/banner-destaque-theraskin-gallery-img-2020-08-03-15-32-05.jpg"
        }
      ]
    },
    {
      "type": "collection-shelf",
      "shuffle": true
    },
    {
      "type": "banners-grid",
      "banners": [
        {
          "img": "/img/uploads/0109-abbott-hyalufem-destaque-gallery-img-2020-09-01-16-46-19.jpg",
          "mobile_img": "/img/uploads/0109-abbott-hyalufem-destaque-gallery-img-2020-09-01-16-46-19.jpg"
        },
        {
          "img": "/img/uploads/destaquetamarine-gallery-img-2020-08-17-20-33-29.jpg",
          "mobile_img": "/img/uploads/destaquetamarine-gallery-img-2020-08-17-20-33-29.jpg"
        }
      ]
    },
    {
      "type": "collection-shelf",
      "shuffle": true
    },
    {
      "type": "banner-slider",
      "autoplay": 9000,
      "slides": [
        {
          "img": "/img/uploads/09-10_nutraway_mix-gallery-img-2020-10-09-17-08-51.jpg",
          "start": "2020-10-14T19:35:20.895Z",
          "end": "2025-10-14T19:44:00.000Z"
        },
        {
          "start": "2020-10-14T19:46:51.191Z",
          "end": "2025-10-14T19:46:00.000Z",
          "img": "/img/uploads/15-09_johnsons_mix-gallery-img-2020-09-15-20-00-49.jpg",
          "mobile_img": "/img/uploads/15-09_johnsons_mix-gallery-img-2020-09-15-20-00-49.jpg"
        }
      ]
    },
    {
      "type": "banners-grid",
      "banners": [
        {
          "img": "/img/uploads/abbott.png"
        },
        {
          "img": "/img/uploads/astrazeneca.png"
        },
        {
          "img": "/img/uploads/biolab.png"
        },
        {
          "img": "/img/uploads/danone.png"
        },
        {
          "img": "/img/uploads/glenmark.png"
        },
        {
          "img": "/img/uploads/gsk.png"
        }
      ]
    },
    {
      "type": "banners-grid",
      "banners": [
        {
          "img": "/img/uploads/hyperacinza.png"
        },
        {
          "img": "/img/uploads/johnsons.png"
        },
        {
          "img": "/img/uploads/myralis.png"
        },
        {
          "img": "/img/uploads/nestle.png"
        },
        {
          "img": "/img/uploads/roche.png"
        },
        {
          "img": "/img/uploads/sanofi.png"
        }
      ]
    }
  ]
}